date,sentiment_pos,sentiment_neg,sentiment_neu,sentiment_score,article_count
2010-04-21,0.01127661857753992,0.9147979021072388,0.07392551004886627,-0.9035212835296988,1
2010-06-01,0.01126907765865326,0.9400315880775452,0.04869929701089859,-0.9287625104188919,1
2011-03-06,0.06059487909078598,0.7293094992637634,0.21009567379951477,-0.6687146201729774,1
2011-04-26,0.022879263386130333,0.7166634798049927,0.26045724749565125,-0.6937842164188623,1
2011-08-17,0.10579217970371246,0.8703016042709351,0.023906227201223373,-0.7645094245672226,1
2011-09-29,0.025131970643997192,0.15650717914104462,0.8183608651161194,-0.13137520849704742,1
2011-12-08,0.20888380706310272,0.033454179763793945,0.7576619982719421,0.17542962729930878,1
2011-12-14,0.19288671016693115,0.042142659425735474,0.7649706602096558,0.15074405074119568,1
2012-01-06,0.42633530497550964,0.033478934317827225,0.540185809135437,0.3928563706576824,1
2012-03-07,0.21994662657380104,0.03143215272575617,0.748621255159378,0.18851447384804487,2
2012-03-15,0.10289338231086731,0.02372467704117298,0.873382031917572,0.07916870526969433,1
2012-04-16,0.08659988641738892,0.0167875774204731,0.8966125249862671,0.06981230899691582,1
2012-05-13,0.14900659024715424,0.06720544397830963,0.7837880253791809,0.0818011462688446,1
2012-06-07,0.046818893402814865,0.08585689216852188,0.8673242330551147,-0.039037998765707016,1
2012-06-21,0.07714522629976273,0.09391660243272781,0.8289381861686707,-0.016771376132965088,1
2012-07-17,0.06950150430202484,0.019932573661208153,0.910565972328186,0.04956893064081669,1
2012-07-19,0.10325588285923004,0.03793952986598015,0.8588045835494995,0.0653163529932499,1
2012-07-22,0.10334823280572891,0.02833470329642296,0.8683170676231384,0.07501352950930595,1
2012-08-08,0.32863080501556396,0.03520074859261513,0.6361684799194336,0.29343005642294884,1
2012-09-12,0.07290320098400116,0.8264762163162231,0.10062061250209808,-0.753573015332222,1
2012-10-15,0.11034832149744034,0.03597858548164368,0.8536731600761414,0.07436973601579666,1
2012-11-08,0.1367170810699463,0.4313061237335205,0.4319768249988556,-0.2945890426635742,1
2013-03-04,0.09804600477218628,0.03867441415786743,0.8632795214653015,0.05937159061431885,1
2013-07-11,0.798986554145813,0.028176624327898026,0.17283682525157928,0.770809929817915,1
2013-07-15,0.05709206312894821,0.10663815587759018,0.8362696766853333,-0.04954609274864197,1
2013-07-23,0.07435791194438934,0.06472755968570709,0.8609145283699036,0.009630352258682251,1
2013-10-14,0.02589309774339199,0.6183682084083557,0.35573869943618774,-0.5924751106649637,1
2013-10-28,0.05238617956638336,0.4144420027732849,0.5331718325614929,-0.36205582320690155,1
2013-11-11,0.046358589082956314,0.04553084447979927,0.9081106185913086,0.0008277446031570435,1
2013-12-03,0.12362748384475708,0.060671642422676086,0.8157008290290833,0.062955841422081,1
2013-12-10,0.06617475301027298,0.036153025925159454,0.8976722359657288,0.030021727085113525,1
2013-12-12,0.8407400250434875,0.029968470335006714,0.12929145991802216,0.8107715547084808,1
2014-01-26,0.03129790350794792,0.20788434147834778,0.7608177065849304,-0.17658643797039986,1
2014-01-28,0.0351095013320446,0.030876735225319862,0.9340137243270874,0.004232766106724739,1
2014-02-02,0.028179647400975227,0.068814717233181,0.9030055999755859,-0.04063506983220577,1
2014-02-09,0.1587526798248291,0.025731809437274933,0.8155155181884766,0.13302087038755417,1
2014-02-13,0.08378856629133224,0.011712335050106049,0.9044991135597229,0.0720762312412262,1
2014-02-19,0.01643952913582325,0.958973228931427,0.024587159976363182,-0.9425336997956038,1
2014-02-23,0.0624929703772068,0.03363552689552307,0.903871476650238,0.02885744348168373,1
2014-02-27,0.025179244577884674,0.23259037733078003,0.7422304153442383,-0.20741113275289536,1
2014-03-02,0.03657570108771324,0.040482278913259506,0.922942042350769,-0.003906577825546265,1
2014-03-07,0.3030022978782654,0.05522717162966728,0.6417704820632935,0.2477751262485981,1
2014-03-09,0.02954212576150894,0.07894502580165863,0.8915128111839294,-0.04940290004014969,1
2014-03-16,0.0472089946269989,0.059589073061943054,0.8932018876075745,-0.012380078434944153,1
2014-03-21,0.03138778451830149,0.022931956686079502,0.9456802904605865,0.008455827832221985,2
2014-03-30,0.04141181334853172,0.06065303832292557,0.897935152053833,-0.019241224974393845,1
2014-04-02,0.08116641640663147,0.02526090294122696,0.8935727477073669,0.05590551346540451,1
2014-04-06,0.7366208434104919,0.013487842865288258,0.24989132583141327,0.7231330005452037,1
2014-04-11,0.0653105080127716,0.020982997491955757,0.9137065410614014,0.04432751052081585,1
2014-04-15,0.17442771792411804,0.04022892937064171,0.78534334897995,0.13419878855347633,1
2014-04-16,0.07654508203268051,0.015875035896897316,0.9075799584388733,0.060670046135783195,1
2014-04-27,0.04278836399316788,0.025353429839015007,0.9318581819534302,0.01743493415415287,1
2014-05-02,0.02817804366350174,0.17104096710681915,0.8007810115814209,-0.1428629234433174,1
2014-05-08,0.027798809111118317,0.6337674260139465,0.3384336829185486,-0.6059686169028282,1
2014-05-11,0.11810344457626343,0.012082906439900398,0.8698137402534485,0.10602053813636303,1
2014-05-25,0.037957802414894104,0.025296900421380997,0.9367453455924988,0.012660901993513107,1
2014-06-08,0.9500497579574585,0.025567645207047462,0.024382654577493668,0.924482112750411,1
2014-06-22,0.5848653316497803,0.03826207295060158,0.37687259912490845,0.5466032586991787,1
2014-06-29,0.22698305547237396,0.010693728923797607,0.762323260307312,0.21628932654857635,1
2014-07-03,0.04915949963033199,0.3247214799746871,0.6261190235614776,-0.2755619803443551,5
2014-07-04,0.030354797840118408,0.0798642560839653,0.8897809386253357,-0.04950945824384689,1
2014-07-13,0.4487832486629486,0.033535733819007874,0.5176810026168823,0.41524751484394073,1
2014-07-24,0.05276103317737579,0.022531768307089806,0.9247071743011475,0.030229264870285988,1
2014-07-25,0.02524247206747532,0.6333742737770081,0.3413832187652588,-0.6081318017095327,1
2014-08-12,0.03548470884561539,0.03478117659687996,0.9297341108322144,0.0007035322487354279,1
2014-08-19,0.04539638012647629,0.020867878571152687,0.9337358474731445,0.0245285015553236,1
2014-10-23,0.05145169794559479,0.04316208325326443,0.9053862392902374,0.00828961469233036,2
2014-10-24,0.0778970941901207,0.01701556146144867,0.905087411403656,0.06088153272867203,1
2014-11-05,0.032211944460868835,0.0831434428691864,0.8846446871757507,-0.050931498408317566,1
2014-11-25,0.04772939532995224,0.09934008866548538,0.85293048620224,-0.05161069333553314,1
2014-12-08,0.053276076912879944,0.03153537958860397,0.9151885509490967,0.02174069732427597,1
2014-12-15,0.5504158735275269,0.020619476214051247,0.42896461486816406,0.5297963973134756,1
2015-01-13,0.05602066218852997,0.037435222417116165,0.9065440893173218,0.018585439771413803,1
2015-01-21,0.026161180809140205,0.24640785157680511,0.7274309396743774,-0.2202466707676649,1
2015-01-23,0.0425901934504509,0.03361014276742935,0.9237996339797974,0.008980050683021545,1
2015-01-28,0.058277420699596405,0.08914865553379059,0.8525738716125488,-0.030871234834194183,1
2015-01-31,0.026182876899838448,0.03710714355111122,0.936710000038147,-0.010924266651272774,1
2015-02-01,0.030237536877393723,0.03935004398226738,0.9304124712944031,-0.009112507104873657,1
2015-02-02,0.030327042564749718,0.2768550328910351,0.6928179264068604,-0.24652799032628536,3
2015-02-03,0.033647943288087845,0.033445779234170914,0.9329063296318054,0.00020216405391693115,1
2015-02-08,0.028956342488527298,0.0378706119954586,0.9331730604171753,-0.008914269506931305,1
2015-02-19,0.03428768366575241,0.04514358937740326,0.9205687046051025,-0.010855905711650848,1
2015-03-01,0.06063608452677727,0.011496972292661667,0.9278669953346252,0.0491391122341156,1
2015-03-10,0.14016258716583252,0.010948755778372288,0.8488886952400208,0.12921383138746023,1
2015-03-11,0.033343397080898285,0.06813084334135056,0.8985257744789124,-0.03478744626045227,1
2015-03-23,0.03483455255627632,0.030312735587358475,0.934852659702301,0.004521816968917847,1
2015-03-25,0.03517930209636688,0.030614012852311134,0.9342066645622253,0.004565289244055748,1
2015-03-26,0.02407919429242611,0.0402393564581871,0.9356813430786133,-0.016160162165760994,1
2015-03-31,0.05686883255839348,0.40421321988105774,0.5389180183410645,-0.34734438732266426,1
2015-04-01,0.02763870358467102,0.11804609000682831,0.8543151617050171,-0.09040738642215729,1
2015-04-13,0.031140023842453957,0.8202961683273315,0.14856375753879547,-0.7891561444848776,1
2015-04-22,0.040614739060401917,0.02531270496547222,0.9340726137161255,0.015302034094929695,1
2015-05-06,0.02966209501028061,0.2772452235221863,0.6930926442146301,-0.24758312851190567,1
2015-06-11,0.11283091455698013,0.07011017948389053,0.8170588612556458,0.0427207350730896,1
2015-06-15,0.08032354712486267,0.037185266613960266,0.8824912309646606,0.043138280510902405,1
2015-07-02,0.0325695239007473,0.06135295704007149,0.90607750415802,-0.028783433139324188,1
2015-07-13,0.03371857479214668,0.6729500889778137,0.2933313846588135,-0.639231514185667,1
2015-07-15,0.19566771388053894,0.013396508991718292,0.7909358143806458,0.18227120488882065,1
2015-07-17,0.03432546555995941,0.09854161739349365,0.8671329617500305,-0.06421615183353424,1
2015-07-30,0.030464982613921165,0.030835876241326332,0.9386991262435913,-0.0003708936274051666,1
2015-08-28,0.060598280280828476,0.05152127146720886,0.8878803849220276,0.009077008813619614,1
2015-09-02,0.021009594202041626,0.6455209255218506,0.3334694802761078,-0.624511331319809,1
2015-09-16,0.41071969270706177,0.00944820512086153,0.5798320770263672,0.40127148758620024,1
2015-09-24,0.03010854683816433,0.041153937578201294,0.9287375211715698,-0.011045390740036964,1
2015-10-15,0.030558720231056213,0.02115204557776451,0.9482892155647278,0.009406674653291702,1
2015-10-23,0.3600466549396515,0.03153437003493309,0.6084189414978027,0.3285122849047184,1
2015-10-26,0.16972027719020844,0.017713705077767372,0.8125659823417664,0.15200657211244106,1
2015-10-28,0.044406358152627945,0.06002620607614517,0.8955674171447754,-0.015619847923517227,1
2015-10-29,0.9468785524368286,0.017984269186854362,0.03513718023896217,0.9288942832499743,1
2015-11-03,0.028790798038244247,0.06978683173656464,0.901422381401062,-0.04099603369832039,1
2015-11-13,0.08398475497961044,0.02685118466615677,0.8891640901565552,0.057133570313453674,1
2016-01-05,0.12297150492668152,0.023434985429048538,0.8535934686660767,0.09953651949763298,1
2016-01-07,0.08824129402637482,0.023005912080407143,0.888752818107605,0.06523538194596767,1
2016-01-13,0.028054939582943916,0.20688635110855103,0.7650586366653442,-0.1788314115256071,1
2016-01-21,0.008538109250366688,0.9692158699035645,0.02224605903029442,-0.9606777606531978,1
2016-01-25,0.11262674629688263,0.015787910670042038,0.8715853691101074,0.09683883562684059,1
2016-02-16,0.4930754229426384,0.032595615833997726,0.4743289239704609,0.46047980710864067,2
2016-02-17,0.31143835186958313,0.533469021320343,0.15509261190891266,-0.2220306694507599,1
2016-03-31,0.04072168841958046,0.7561719417572021,0.2031063288450241,-0.7154502533376217,1
2016-04-12,0.025864077731966972,0.9507666826248169,0.02336924895644188,-0.9249026048928499,1
2016-04-15,0.11918627470731735,0.47001805901527405,0.410795658826828,-0.3508317843079567,1
2016-04-20,0.05556102097034454,0.20993997156620026,0.7344990372657776,-0.1543789505958557,1
2016-04-25,0.04046352952718735,0.05548443645238876,0.9040519595146179,-0.015020906925201416,1
2016-05-19,0.3541176915168762,0.012199526652693748,0.6336827874183655,0.34191816486418247,1
2016-05-29,0.2880706787109375,0.04401012882590294,0.6679192185401917,0.24406054988503456,1
2016-06-03,0.021760467439889908,0.48865689244121313,0.48958262242376804,-0.4668964250013232,2
2016-06-09,0.01756160706281662,0.922320544719696,0.060117777436971664,-0.9047589376568794,1
2016-06-14,0.24913786351680756,0.010489562526345253,0.7403726577758789,0.2386483009904623,1
2016-06-20,0.05372864753007889,0.03930503502488136,0.9069662690162659,0.014423612505197525,1
2016-07-13,0.12563400653501353,0.22719909188648066,0.647166907787323,-0.10156508535146713,3
2016-07-18,0.06905517354607582,0.036115795373916626,0.8948290646076202,0.032939378172159195,2
2016-08-01,0.05953112617135048,0.3571029007434845,0.5833659768104553,-0.297571774572134,1
2016-08-11,0.01582033932209015,0.8441860675811768,0.13999353349208832,-0.8283657282590866,1
2016-08-12,0.09404077380895615,0.012624925002455711,0.8933342695236206,0.08141584880650043,1
2016-08-18,0.026198547333478928,0.031885650008916855,0.9419158101081848,-0.005687102675437927,1
2016-09-01,0.19608392007648945,0.033596604596823454,0.7703194618225098,0.162487315479666,2
2016-09-14,0.4951900243759155,0.019867993891239166,0.4849419891834259,0.47532203048467636,1
2016-09-15,0.054669540375471115,0.04416748508810997,0.9011629819869995,0.010502055287361145,1
2016-10-03,0.04831103980541229,0.02323594130575657,0.9284529685974121,0.025075098499655724,1
2016-10-06,0.03196631744503975,0.8597335815429688,0.108300119638443,-0.827767264097929,1
2016-10-07,0.12494976818561554,0.017900852486491203,0.8571493625640869,0.10704891569912434,1
2016-10-20,0.08480066061019897,0.7628568410873413,0.1523425132036209,-0.6780561804771423,1
2016-10-26,0.03062262013554573,0.038120780140161514,0.9312565326690674,-0.007498160004615784,1
2016-11-14,0.038394778966903687,0.02748728170990944,0.9341180324554443,0.010907497256994247,1
2016-11-15,0.6705811023712158,0.015011360868811607,0.3144075274467468,0.6555697415024042,1
2016-11-21,0.012873325496912003,0.9642273187637329,0.022899361327290535,-0.9513539932668209,1
2016-12-01,0.5220588445663452,0.12419749796390533,0.35374361276626587,0.3978613466024399,1
2016-12-05,0.19452239573001862,0.010679828003048897,0.7947977781295776,0.18384256772696972,1
2016-12-13,0.031045176088809967,0.2167840600013733,0.7521708011627197,-0.18573888391256332,1
2016-12-17,0.037600310519337654,0.3208637200295925,0.6415359973907471,-0.28326340951025486,2
2017-01-04,0.020146135240793228,0.7548329830169678,0.22502092272043228,-0.7346868477761745,2
2017-01-11,0.03524418780580163,0.48242337815463543,0.48233241215348244,-0.4471791903488338,2
2017-01-17,0.023779049515724182,0.6932101249694824,0.2830107808113098,-0.6694310754537582,1
2017-01-24,0.04001251980662346,0.037953127175569534,0.9220343828201294,0.0020593926310539246,1
2017-01-26,0.3936982937157154,0.017641938757151365,0.5886597782373428,0.37605635495856404,2
2017-02-03,0.011004257015883923,0.9339285492897034,0.05506721884012222,-0.9229242922738194,1
2017-02-06,0.023898402228951454,0.5385775566101074,0.4375240206718445,-0.514679154381156,1
2017-02-10,0.007174267433583736,0.9757561683654785,0.017069607973098755,-0.9685819009318948,1
2017-02-15,0.05301130982115865,0.4720840426161885,0.4749046713113785,-0.4190727327950299,2
2017-02-17,0.3157767951488495,0.44117939472198486,0.24304375052452087,-0.12540259957313538,1
2017-03-01,0.04529128037393093,0.14539150334894657,0.8093172609806061,-0.10010022297501564,2
2017-03-19,0.027585752308368683,0.029751166701316833,0.9426630735397339,-0.0021654143929481506,1
2017-03-28,0.010315210558474064,0.9552396535873413,0.03444517031311989,-0.9449244430288672,1
2017-04-07,0.1983863264322281,0.012645616196095943,0.788968026638031,0.18574071023613214,1
2017-04-20,0.08435378968715668,0.025585001334547997,0.8900611996650696,0.05876878835260868,1
2017-04-25,0.11869744211435318,0.014024971053004265,0.8672776818275452,0.10467247106134892,1
2017-05-11,0.07255647890269756,0.029134378768503666,0.8983091413974762,0.0434221001341939,2
2017-05-18,0.06519635766744614,0.030469778925180435,0.9043338298797607,0.0347265787422657,1
2017-05-21,0.03228198364377022,0.057247135788202286,0.9104707837104797,-0.024965152144432068,1
2017-05-22,0.11376166343688965,0.02412034571170807,0.8621178865432739,0.08964131772518158,1
2017-06-14,0.015939239412546158,0.9610740542411804,0.02298671565949917,-0.9451348148286343,1
2017-06-15,0.06908388435840607,0.016408443450927734,0.9145075678825378,0.05267544090747833,1
2017-06-30,0.9150179028511047,0.012535195797681808,0.07244687527418137,0.9024827070534229,1
2017-07-13,0.1294713169336319,0.014683332294225693,0.8558453917503357,0.1147879846394062,1
2017-07-26,0.24663732666522264,0.4381797183305025,0.31518298387527466,-0.19154239166527987,2
2017-07-31,0.08318158984184265,0.30775168538093567,0.6090667247772217,-0.22457009553909302,1
2017-08-02,0.010652930475771427,0.9294965863227844,0.059850528836250305,-0.918843655847013,1
2017-08-13,0.9456450343132019,0.019045228138566017,0.03530975431203842,0.9265998061746359,1
2017-08-14,0.14309650659561157,0.017239196226000786,0.8396642804145813,0.1258573103696108,1
2017-08-18,0.06022173538804054,0.03381386585533619,0.9059644043445587,0.026407869532704353,2
2017-08-21,0.11509045958518982,0.29844966530799866,0.5864598751068115,-0.18335920572280884,1
2017-08-24,0.06591413170099258,0.29442352056503296,0.6396623253822327,-0.22850938886404037,1
2017-08-28,0.06977105140686035,0.10757249593734741,0.8226564526557922,-0.03780144453048706,1
2017-08-30,0.4456147253513336,0.009173335507512093,0.545211911201477,0.4364413898438215,1
2017-09-10,0.022570813074707985,0.7314180135726929,0.24601125717163086,-0.7088472004979849,1
2017-09-12,0.14344140887260437,0.01766001246869564,0.8388985395431519,0.12578139640390873,1
2017-09-14,0.1658017933368683,0.02893454022705555,0.8052636981010437,0.13686725310981274,1
2017-09-15,0.6425988078117371,0.31127285957336426,0.04612833261489868,0.3313259482383728,1
2017-09-18,0.03721335530281067,0.041524894535541534,0.9212616682052612,-0.0043115392327308655,1
2017-09-20,0.037713296711444855,0.20022395253181458,0.7620627880096436,-0.16251065582036972,1
2017-09-26,0.39394326508045197,0.14849833585321903,0.45755835622549057,0.24544492922723293,2
2017-09-27,0.010968098416924477,0.9250301122665405,0.06400179117918015,-0.914062013849616,1
2017-09-29,0.8121109008789062,0.010252438485622406,0.17763669788837433,0.8018584623932838,1
2017-10-04,0.037724412977695465,0.0439331978559494,0.9183424115180969,-0.006208784878253937,1
2017-10-05,0.1127297431230545,0.02850787155330181,0.8587623834609985,0.0842218715697527,1
2017-10-09,0.08480717241764069,0.018143488094210625,0.8970493674278259,0.06666368432343006,1
2017-10-19,0.0985492467880249,0.016506126150488853,0.8849445581436157,0.08204312063753605,1
2017-10-24,0.6305368542671204,0.21003322303295135,0.1594298928976059,0.420503631234169,1
2017-10-27,0.07907886058092117,0.01416988205164671,0.906751275062561,0.06490897852927446,1
2017-10-30,0.162157341837883,0.010353590361773968,0.8274890184402466,0.15180375147610903,1
2017-11-02,0.06359147280454636,0.023337092250585556,0.9130715131759644,0.0402543805539608,1
2017-11-29,0.03719054162502289,0.02210639789700508,0.9407030940055847,0.015084143728017807,1
2017-12-01,0.431469620205462,0.09572312282398343,0.47280728816986084,0.33574649738147855,2
2017-12-05,0.5014765858650208,0.010902010835707188,0.48762139678001404,0.49057457502931356,1
2017-12-10,0.045069970190525055,0.9009516835212708,0.05397829785943031,-0.8558817133307457,1
2017-12-20,0.07960408180952072,0.01660563051700592,0.903790295124054,0.0629984512925148,1
2017-12-21,0.01232645008713007,0.922343373298645,0.06533017754554749,-0.910016923211515,1
2018-01-03,0.07585377618670464,0.28045311104506254,0.6436931043863297,-0.2045993348583579,2
2018-01-10,0.05416889116168022,0.08696575462818146,0.8588653206825256,-0.032796863466501236,1
2018-01-15,0.03756439685821533,0.4654776155948639,0.49695804715156555,-0.42791321873664856,1
2018-01-18,0.016923408955335617,0.8121218681335449,0.17095477879047394,-0.7951984591782093,1
2018-01-23,0.09046779572963715,0.01663256250321865,0.8928996920585632,0.0738352332264185,1
2018-02-16,0.21890650549903512,0.5141559038311243,0.2669375576078892,-0.2952493983320892,2
2018-02-21,0.2278853952884674,0.03213409334421158,0.7399805188179016,0.19575130194425583,1
2018-02-22,0.007394901476800442,0.9624372720718384,0.03016778826713562,-0.9550423705950379,1
2018-03-01,0.8854117393493652,0.010938861407339573,0.10364942252635956,0.8744728779420257,1
2018-03-21,0.013110605999827385,0.9405897259712219,0.04629969596862793,-0.9274791199713945,1
2018-04-02,0.7317189574241638,0.02274983562529087,0.24553123116493225,0.708969121798873,1
2018-04-04,0.09550768882036209,0.3516567647457123,0.5528355240821838,-0.2561490759253502,1
2018-04-05,0.0325956791639328,0.03949274867773056,0.9279115200042725,-0.00689706951379776,1
2018-04-12,0.06446674466133118,0.01714932918548584,0.9183838367462158,0.04731741547584534,1
2018-04-13,0.02651488594710827,0.10849272459745407,0.8649923801422119,-0.0819778386503458,1
2018-04-24,0.04360723868012428,0.9386411905288696,0.01775156892836094,-0.8950339518487453,1
2018-05-01,0.03317619860172272,0.17446792125701904,0.7923558354377747,-0.14129172265529633,1
2018-05-08,0.18014611303806305,0.11204065382480621,0.7078131437301636,0.06810545921325684,1
2018-05-10,0.1601209044456482,0.019051868468523026,0.820827305316925,0.14106903597712517,1
2018-05-15,0.008532969281077385,0.9578169584274292,0.03365011140704155,-0.9492839891463518,1
2018-05-18,0.3637858033180237,0.025151414796710014,0.6110628247261047,0.33863438852131367,1
2018-05-22,0.49603084847331047,0.060116599313914776,0.4438525214791298,0.4359142491593957,2
2018-05-30,0.045038770884275436,0.3557678163051605,0.5991934537887573,-0.3107290454208851,1
2018-06-07,0.09819816052913666,0.015693072229623795,0.8861087560653687,0.08250508829951286,1
2018-06-14,0.03176102787256241,0.03115970455110073,0.9370792508125305,0.0006013233214616776,1
2018-06-16,0.2793470025062561,0.32470372319221497,0.39594927430152893,-0.04535672068595886,1
2018-06-18,0.11592775583267212,0.022401662543416023,0.8616704940795898,0.0935260932892561,1
2018-06-21,0.020111611112952232,0.6988305449485779,0.28105786442756653,-0.6787189338356256,1
2018-07-05,0.8977550864219666,0.022349348291754723,0.07989557832479477,0.8754057381302118,1
2018-07-17,0.017252560704946518,0.870707631111145,0.11203983426094055,-0.8534550704061985,1
2018-07-24,0.03439575852826238,0.4942970685660839,0.47130715008825064,-0.45990131003782153,2
2018-07-31,0.11698816623538733,0.01932607591152191,0.8636857569217682,0.09766209032386541,2
2018-08-01,0.027194717898964882,0.04368281364440918,0.9291224479675293,-0.016488095745444298,1
2018-08-02,0.038602761924266815,0.45272380113601685,0.5086734294891357,-0.41412103921175003,1
2018-08-04,0.12327594310045242,0.015186206437647343,0.8615378737449646,0.10808973666280508,1
2018-08-06,0.015591120347380638,0.652888298034668,0.33152058720588684,-0.6372971776872873,1
2018-08-13,0.7169428467750549,0.12169153988361359,0.16136561334133148,0.5952513068914413,1
2018-08-29,0.5047275982797146,0.0290138591080904,0.46625855285674334,0.4757137391716242,2
2018-09-04,0.9365984797477722,0.01940515637397766,0.04399631544947624,0.9171933233737946,1
2018-09-07,0.026722654700279236,0.7809202075004578,0.1923571676015854,-0.7541975528001785,1
2018-09-11,0.020622648298740387,0.6539484262466431,0.32542887330055237,-0.6333257779479027,1
2018-09-12,0.019434219226241112,0.6720029711723328,0.3085627853870392,-0.6525687519460917,1
2018-09-14,0.034099020063877106,0.051817115396261215,0.9140838980674744,-0.01771809533238411,1
2018-10-01,0.014297601766884327,0.914030909538269,0.07167147099971771,-0.8997333077713847,1
2018-10-05,0.029674841091036797,0.6824470162391663,0.2878781408071518,-0.6527721751481295,2
2018-10-11,0.028828262972335022,0.6461254917085171,0.3250462369372447,-0.6172972287361821,3
2018-10-19,0.12955820560455322,0.01768539659678936,0.8527564406394958,0.11187280900776386,1
2018-10-26,0.029427077621221542,0.1464318186044693,0.8241410851478577,-0.11700474098324776,1
2018-11-07,0.8750861287117004,0.012297721579670906,0.112616166472435,0.8627884071320295,1
2018-11-08,0.07743945717811584,0.019215155392885208,0.9033454060554504,0.05822430178523064,1
2018-11-27,0.9328033328056335,0.013238074257969856,0.05395856499671936,0.9195652585476637,1
2018-11-30,0.023087866604328156,0.9187893271446228,0.05812286213040352,-0.8957014605402946,1
2018-12-03,0.030080672353506088,0.14499251171946526,0.8249268233776093,-0.11491183936595917,2
2018-12-05,0.012759335339069366,0.9365224838256836,0.05071815103292465,-0.9237631484866142,1
2018-12-14,0.1204146035015583,0.2587529425509274,0.6208324581384659,-0.1383383390493691,2
2019-01-14,0.12022512406110764,0.041269928216934204,0.8385050296783447,0.07895519584417343,1
2019-01-23,0.058882925659418106,0.025522733107209206,0.9155943989753723,0.0333601925522089,1
2019-02-15,0.04000651463866234,0.039414066821336746,0.9205794334411621,0.000592447817325592,1
2019-02-18,0.08717213571071625,0.889754593372345,0.023073261603713036,-0.8025824576616287,1
2019-02-19,0.03157517686486244,0.02957446500658989,0.9388503432273865,0.0020007118582725525,1
2019-02-21,0.669546902179718,0.011073598638176918,0.31937941908836365,0.6584733035415411,1
2019-03-01,0.009918334893882275,0.9437147974967957,0.046366896480321884,-0.9337964626029134,1
2019-03-02,0.044201080997784935,0.013825835970540842,0.941973090171814,0.03037524502724409,3
2019-03-03,0.036355193704366684,0.015642881393432617,0.9480018615722656,0.020712312310934067,1
2019-03-04,0.046275075525045395,0.013596014119684696,0.9401289820671082,0.0326790614053607,1
2019-03-14,0.9235265851020813,0.01577077992260456,0.060702573508024216,0.9077558051794767,1
2019-03-22,0.03620331734418869,0.8781191110610962,0.08567750453948975,-0.8419157937169075,1
2019-03-25,0.019639205187559128,0.917087733745575,0.06327304989099503,-0.8974485285580158,1
2019-03-27,0.061526745557785034,0.14086537063121796,0.7976078987121582,-0.07933862507343292,1
2019-04-17,0.05147363990545273,0.021535512059926987,0.9269908666610718,0.02993812784552574,1
2019-04-30,0.8241366744041443,0.11195964366197586,0.06390373408794403,0.7121770307421684,1
2019-05-08,0.007249911315739155,0.9733555912971497,0.019394563511013985,-0.9661056799814105,1
2019-05-10,0.03437624419374125,0.01914340816438198,0.946480359349932,0.015232836029359273,7
2019-05-11,0.03762610536068678,0.01687603824151059,0.9454978406429291,0.02075006711917619,12
2019-05-12,0.034281001426279545,0.021158616125051464,0.9445603447301048,0.013122385301228081,14
2019-05-13,0.03648434951901436,0.01730360835790634,0.9462119340896606,0.019180741161108017,1
2019-05-14,0.03654098976403475,0.02421508263796568,0.9392439126968384,0.012325907126069069,2
2019-05-15,0.03828012151643634,0.015799400163814425,0.9459205120801926,0.022480721352621913,4
2019-05-20,0.02240871638059616,0.8312346935272217,0.14635659754276276,-0.8088259771466255,1
2019-05-24,0.007780157029628754,0.9597363471984863,0.032483480870723724,-0.9519561901688576,1
2019-05-25,0.033095669001340866,0.016585540026426315,0.9503188729286194,0.01651012897491455,1
2019-05-29,0.023370379582047462,0.8690586686134338,0.10757099092006683,-0.8456882890313864,1
2019-06-01,0.05643560364842415,0.6179181337356567,0.3256462514400482,-0.5614825300872326,1
2019-06-02,0.033399105072021484,0.3960839509963989,0.5705170035362244,-0.36268484592437744,1
2019-06-05,0.7893548607826233,0.06814543157815933,0.14249971508979797,0.721209429204464,1
2019-06-10,0.272918164730072,0.05498409643769264,0.6720977425575256,0.21793406829237938,1
2019-06-11,0.10034818947315216,0.519761860370636,0.37988993525505066,-0.4194136708974838,1
2019-06-12,0.018380308989435434,0.9338699281215668,0.04774976894259453,-0.9154896191321313,2
2019-06-15,0.027974393218755722,0.04961000382900238,0.9224156141281128,-0.02163561061024666,1
2019-06-18,0.5722349882125854,0.013762903399765491,0.41400209069252014,0.55847208481282,1
2019-06-20,0.29613181948661804,0.0927194356918335,0.6111487150192261,0.20341238379478455,1
2019-07-01,0.021651221439242363,0.040872275829315186,0.9374764561653137,-0.019221054390072823,1
2019-07-02,0.03835245966911316,0.017876427620649338,0.9437710642814636,0.02047603204846382,1
2019-07-03,0.00965440459549427,0.9632847309112549,0.027060875669121742,-0.9536303263157606,1
2019-07-09,0.03812095522880554,0.01556165050715208,0.9463174343109131,0.02255930472165346,1
2019-07-11,0.03350416198372841,0.01635724864900112,0.9501386880874634,0.017146913334727287,1
2019-07-19,0.07793787866830826,0.1092364639043808,0.8128255605697632,-0.03129858523607254,1
2019-07-22,0.06090365722775459,0.022732792422175407,0.9163636565208435,0.038170864805579185,1
2019-07-25,0.01035431306809187,0.9690936207771301,0.020552022382616997,-0.9587393077090383,1
2019-07-29,0.23725396394729614,0.6326501965522766,0.13009585440158844,-0.39539623260498047,1
2019-07-31,0.13283854722976685,0.08255945146083832,0.7846020460128784,0.05027909576892853,1
2019-08-02,0.20202696323394775,0.010903636924922466,0.7870694398880005,0.1911233263090253,1
2019-08-04,0.0397864505648613,0.9267256259918213,0.0334879532456398,-0.88693917542696,1
2019-08-05,0.06551675498485565,0.4790991498157382,0.455384086817503,-0.41358239483088255,2
2019-08-07,0.4596162438392639,0.05262427777051926,0.4877595007419586,0.40699196606874466,1
2019-08-13,0.00980882253497839,0.9680647253990173,0.02212647907435894,-0.9582559028640389,1
2019-08-14,0.9473531246185303,0.02533358708024025,0.02731337957084179,0.92201953753829,1
2019-08-16,0.24086637794971466,0.716364324092865,0.04276931285858154,-0.47549794614315033,1
2019-08-19,0.07694240659475327,0.02247684635221958,0.9005807638168335,0.054465560242533684,1
2019-08-29,0.015123844146728516,0.8368094563484192,0.1480666846036911,-0.8216856122016907,1
2019-08-30,0.02162220887839794,0.7902531027793884,0.1881246715784073,-0.7686308939009905,1
2019-09-02,0.10118427872657776,0.05528083071112633,0.8435348868370056,0.04590344801545143,1
2019-09-03,0.060162656009197235,0.4645414110273123,0.4752959720790386,-0.40437875501811504,2
2019-09-09,0.10984914749860764,0.06365923583507538,0.8264915347099304,0.04618991166353226,1
2019-09-12,0.7014319896697998,0.02748486027121544,0.27108314633369446,0.6739471293985844,1
2019-09-17,0.008164497092366219,0.9690565466880798,0.022778945043683052,-0.9608920495957136,1
2019-09-19,0.09511183202266693,0.015008837915956974,0.8898792862892151,0.08010299410670996,1
2019-09-20,0.09305076953023672,0.48258091881871223,0.42436826787889004,-0.3895301492884755,2
2019-09-24,0.18090318143367767,0.3674984276294708,0.4515983760356903,-0.18659524619579315,1
2019-10-03,0.04585208743810654,0.04810137674212456,0.9060466289520264,-0.0022492893040180206,1
2019-10-08,0.009243710897862911,0.9687035083770752,0.02205280400812626,-0.9594597974792123,1
2019-10-10,0.060875456780195236,0.2688705623149872,0.6702539920806885,-0.20799510553479195,1
2019-10-28,0.8049282431602478,0.010121715255081654,0.18495003879070282,0.7948065279051661,1
2019-10-29,0.07597994059324265,0.0806415006518364,0.8433786034584045,-0.00466156005859375,1
2019-10-30,0.010110043920576572,0.9360563158988953,0.05383362993597984,-0.9259462719783187,1
2019-11-04,0.0972653478384018,0.027404043823480606,0.8753305673599243,0.06986130401492119,1
2019-11-06,0.00649651326239109,0.9605900645256042,0.03291342779994011,-0.9540935512632132,1
2019-11-07,0.0239440705627203,0.04840902239084244,0.9276469349861145,-0.02446495182812214,1
2019-11-08,0.0965159460902214,0.01869325339794159,0.8847907185554504,0.07782269269227982,1
2019-11-12,0.1550978422164917,0.016697034239768982,0.8282051086425781,0.13840080797672272,1
2019-11-14,0.9142923951148987,0.03884449973702431,0.04686311259865761,0.8754478953778744,1
2019-11-15,0.07374972850084305,0.028548793867230415,0.8977015614509583,0.04520093463361263,1
2019-11-26,0.8240830302238464,0.009991470724344254,0.16592559218406677,0.8140915594995022,1
2019-12-04,0.8772338032722473,0.01087302528321743,0.11189313977956772,0.8663607779890299,1
2019-12-07,0.07277273386716843,0.017767345532774925,0.9094598889350891,0.0550053883343935,1
2020-01-09,0.2689736485481262,0.013146047480404377,0.7178802490234375,0.25582760106772184,1
2020-01-11,0.9127383828163147,0.012471758760511875,0.0747898519039154,0.9002666240558028,1
2020-01-16,0.023535601794719696,0.12242136150598526,0.8540430665016174,-0.09888575971126556,1
2020-01-23,0.1600435972213745,0.7293628454208374,0.1105935201048851,-0.5693192481994629,1
2020-01-25,0.04077024385333061,0.032636795192956924,0.9265929460525513,0.008133448660373688,1
2020-01-31,0.3615134060382843,0.5494357347488403,0.08905085176229477,-0.18792232871055603,1
2020-02-10,0.034794838167726994,0.48495439160615206,0.4802507758140564,-0.45015955343842506,2
2020-02-17,0.06862570717930794,0.34086480690166354,0.590509444475174,-0.2722390997223556,2
2020-02-28,0.10954418033361435,0.031098378356546164,0.8593574166297913,0.07844580197706819,2
2020-03-18,0.03265446797013283,0.05552060157060623,0.9118249416351318,-0.022866133600473404,1
2020-03-26,0.08343131840229034,0.8585544228553772,0.058014269918203354,-0.7751231044530869,1
2020-03-30,0.038774583488702774,0.035302188247442245,0.925923228263855,0.0034723952412605286,1
2020-04-30,0.01803542487323284,0.951670914888382,0.030293657444417477,-0.9336354900151491,2
2020-05-02,0.033555373549461365,0.053239211440086365,0.9132053852081299,-0.019683837890625,1
2020-05-14,0.022961629554629326,0.9329222440719604,0.04411610588431358,-0.9099606145173311,1
2020-05-15,0.017359324730932713,0.5997162374357382,0.3829244375228882,-0.5823569127048055,3
2020-06-03,0.061681244522333145,0.09351975470781326,0.8447989821434021,-0.03183851018548012,1
2020-06-04,0.049602895975112915,0.08153652399778366,0.8688605427742004,-0.031933628022670746,1
2020-06-05,0.09329210966825485,0.015054355375468731,0.8916535377502441,0.07823775429278612,1
2020-06-25,0.010194456204771996,0.9469963312149048,0.042809221893548965,-0.9368018750101328,1
2020-06-26,0.037594616413116455,0.027910031378269196,0.9344952702522278,0.00968458503484726,1
2020-06-30,0.013275863602757454,0.97606360912323,0.010660489089787006,-0.9627877455204725,1
2020-07-03,0.009344518184661865,0.9600082635879517,0.030647248029708862,-0.9506637454032898,1
2020-07-04,0.030192242935299873,0.8275266885757446,0.14228112995624542,-0.7973344456404448,1
2020-07-21,0.05284127779304981,0.08043225295841694,0.8667264580726624,-0.027590975165367126,2
2020-07-31,0.935452938079834,0.0356842465698719,0.028862766921520233,0.8997686915099621,1
2020-08-03,0.007902565412223339,0.9675042033195496,0.0245931725949049,-0.9596016379073262,1
2020-08-13,0.2081848829984665,0.017017561942338943,0.7747976183891296,0.19116732105612755,1
2020-08-20,0.27826108410954475,0.29950426518917084,0.4222346730530262,-0.021243181079626083,2
2020-08-21,0.11418726295232773,0.01254306174814701,0.8732697367668152,0.10164420120418072,1
2020-08-24,0.009516939520835876,0.9715210199356079,0.018962059170007706,-0.962004080414772,1
2020-09-01,0.01630415953695774,0.9617574214935303,0.02193843014538288,-0.9454532619565725,1
2020-09-10,0.06123511493206024,0.17813213169574738,0.7606327533721924,-0.11689701676368713,1
2020-09-11,0.09429837018251419,0.02220518235117197,0.8834964334964752,0.07209318783134222,2
2020-09-25,0.007685711141675711,0.9744354486465454,0.017878806218504906,-0.9667497375048697,1
2020-10-01,0.020707394927740097,0.8384016156196594,0.14089103043079376,-0.8176942206919193,1
2020-10-13,0.0513443797826767,0.7492967844009399,0.19935888051986694,-0.6979524046182632,1
2020-10-24,0.03427359461784363,0.0811862125992775,0.8845402002334595,-0.04691261798143387,1
2020-10-26,0.2936195433139801,0.013324062339961529,0.6930563449859619,0.2802954809740186,1
2020-10-28,0.02702982909977436,0.5273250341415405,0.44564512372016907,-0.5002952050417662,1
2020-10-29,0.4219207465648651,0.47645559906959534,0.10162360966205597,-0.054534852504730225,1
2020-11-21,0.04220448061823845,0.020487962290644646,0.9373075366020203,0.021716518327593803,1
2020-12-03,0.20515260100364685,0.011048811487853527,0.7837986350059509,0.19410378951579332,1
2020-12-15,0.014391462318599224,0.9043394923210144,0.08126905560493469,-0.8899480300024152,1
2020-12-18,0.025897448882460594,0.10397419333457947,0.8701284527778625,-0.07807674445211887,1
2020-12-23,0.00847209244966507,0.9505016803741455,0.04102622717618942,-0.9420295879244804,1
2020-12-29,0.03383428975939751,0.016765519976615906,0.9494002461433411,0.0170687697827816,1
2021-01-07,0.05275639705359936,0.9206982553005219,0.026545347645878792,-0.8679418582469225,2
2021-01-11,0.8748376369476318,0.0157010480761528,0.10946126282215118,0.859136588871479,1
2021-01-15,0.7275781035423279,0.013300005346536636,0.2591218948364258,0.7142780981957912,1
2021-01-25,0.015426882542669773,0.9558715224266052,0.02870158851146698,-0.9404446398839355,1
2021-02-01,0.022108910605311394,0.9404776096343994,0.03741346672177315,-0.918368699029088,1
2021-02-04,0.3457486629486084,0.009339628741145134,0.6449117064476013,0.33640903420746326,1
2021-02-09,0.3101848065853119,0.022943437099456787,0.6668718457221985,0.2872413694858551,1
2021-02-11,0.01247344445437193,0.9685679078102112,0.01895865611732006,-0.9560944633558393,1
2021-02-14,0.02981814369559288,0.6132727861404419,0.3569090962409973,-0.583454642444849,1
2021-02-16,0.16057335259392858,0.7647411823272705,0.0746855279430747,-0.6041678297333419,2
2021-02-22,0.6396716982126236,0.02490762248635292,0.3354206793010235,0.6147640757262707,2
2021-02-24,0.01181427575647831,0.9512879848480225,0.036897651851177216,-0.9394737090915442,1
2021-03-03,0.943478524684906,0.02479449287056923,0.03172691538929939,0.9186840318143368,1
2021-03-06,0.016209738329052925,0.6436011791229248,0.34018903970718384,-0.6273914407938719,1
2021-03-08,0.011680122464895248,0.9264642000198364,0.061855632811784744,-0.9147840775549412,1
2021-03-12,0.01160429697483778,0.8925338387489319,0.09586185216903687,-0.8809295417740941,1
2021-03-16,0.08733612298965454,0.5051726698875427,0.40749120712280273,-0.4178365468978882,1
2021-03-17,0.8639619946479797,0.022732656449079514,0.11330536752939224,0.8412293381989002,1
2021-03-19,0.22959111630916595,0.03840763494372368,0.7320013046264648,0.19118348136544228,1
2021-03-23,0.06730078905820847,0.014803068712353706,0.917896032333374,0.05249772034585476,1
2021-03-25,0.007367430720478296,0.9663418531417847,0.026290683075785637,-0.9589744224213064,1
2021-03-26,0.02576969936490059,0.18186385929584503,0.7923665046691895,-0.15609415993094444,1
2021-04-05,0.5328757166862488,0.016600491479039192,0.45052385330200195,0.5162752252072096,1
2021-04-06,0.011389585211873055,0.9619820713996887,0.02662826143205166,-0.9505924861878157,1
2021-04-07,0.009829013608396053,0.9592428803443909,0.03092811442911625,-0.9494138667359948,1
2021-04-08,0.012150146998465061,0.9268232583999634,0.06102655827999115,-0.9146731114014983,1
2021-04-22,0.042520612478256226,0.30690693855285645,0.6505724191665649,-0.2643863260746002,1
2021-04-27,0.9460703134536743,0.027966396883130074,0.025963230058550835,0.9181039165705442,1
2021-04-29,0.21474362909793854,0.016832537949085236,0.768423855304718,0.1979110911488533,1
2021-04-30,0.27680495381355286,0.22385086119174957,0.499344140291214,0.052954092621803284,1
2021-05-05,0.49865097738802433,0.06221739295870066,0.43913162499666214,0.4364335844293237,2
2021-05-06,0.7119079232215881,0.18396079540252686,0.10413127392530441,0.5279471278190613,1
2021-05-07,0.41289642453193665,0.5139980912208557,0.07310546189546585,-0.10110166668891907,1
2021-05-11,0.018631257116794586,0.8309705853462219,0.1503981351852417,-0.8123393282294273,1
2021-05-12,0.009814891032874584,0.9626412391662598,0.027543887495994568,-0.9528263481333852,1
2021-05-21,0.01064409501850605,0.9527953267097473,0.03656062111258507,-0.9421512316912413,1
2021-05-25,0.9329079985618591,0.02948649786412716,0.03760550543665886,0.903421500697732,1
2021-05-26,0.3858162462711334,0.012413366697728634,0.6017703413963318,0.3734028795734048,1
2021-05-28,0.3230956494808197,0.028083650395274162,0.648820698261261,0.29501199908554554,1
2021-06-02,0.030555017292499542,0.4446515738964081,0.5247934460639954,-0.41409655660390854,1
2021-06-03,0.10540885478258133,0.01287822239100933,0.8817129135131836,0.092530632391572,1
2021-06-04,0.030214764177799225,0.47355011105537415,0.496235191822052,-0.4433353468775749,1
2021-06-10,0.6209123134613037,0.009375088848173618,0.3697125315666199,0.6115372246131301,1
2021-06-11,0.22445818781852722,0.44520872831344604,0.33033308386802673,-0.22075054049491882,1
2021-06-15,0.4840664267539978,0.46390143036842346,0.052032168954610825,0.02016499638557434,1
2021-06-18,0.010219838470220566,0.9327751994132996,0.057004984468221664,-0.922555360943079,1
2021-06-19,0.67533940076828,0.012107931077480316,0.31255266070365906,0.6632314696907997,1
2021-06-25,0.08294186741113663,0.293666273355484,0.6233919262886047,-0.21072440594434738,1
2021-06-28,0.062482886016368866,0.05378516763448715,0.8837318420410156,0.008697718381881714,1
2021-07-02,0.011605381965637207,0.9683883786201477,0.020006200298666954,-0.9567829966545105,1
2021-07-03,0.027515968307852745,0.792352557182312,0.18013142049312592,-0.7648365888744593,1
2021-07-04,0.12803278863430023,0.01914491504430771,0.8528222441673279,0.10888787358999252,1
2021-07-07,0.18681836128234863,0.009541514329612255,0.8036400675773621,0.17727684695273638,1
2021-07-18,0.11221965402364731,0.03991243615746498,0.8478679656982422,0.07230721786618233,1
2021-07-21,0.028869424015283585,0.5508450865745544,0.4202854633331299,-0.5219756625592709,1
2021-08-01,0.25314056873321533,0.22728261351585388,0.5195768475532532,0.02585795521736145,1
2021-08-03,0.9409699440002441,0.03512073680758476,0.02390928938984871,0.9058492071926594,1
2021-08-06,0.40615676529705524,0.4007886052131653,0.19305462390184402,0.005368160083889961,2
2021-08-11,0.8730399012565613,0.015798348933458328,0.1111617237329483,0.857241552323103,1
2021-08-18,0.3495159149169922,0.010808190330862999,0.6396759152412415,0.3387077245861292,1
2021-08-20,0.11649812012910843,0.012407146394252777,0.8710947632789612,0.10409097373485565,1
2021-08-25,0.015597590245306492,0.8752484917640686,0.10915393382310867,-0.8596509015187621,1
2021-08-27,0.1407824009656906,0.1583375334739685,0.7008801102638245,-0.017555132508277893,1
2021-08-30,0.032619304955005646,0.7981007099151611,0.1692800372838974,-0.7654814049601555,1
2021-09-02,0.31474241614341736,0.020136823877692223,0.6651207804679871,0.29460559226572514,1
2021-09-03,0.8247000575065613,0.05429016426205635,0.12100973725318909,0.7704098932445049,1
2021-09-07,0.5512170195579529,0.41758623719215393,0.031196793541312218,0.13363078236579895,1
2021-09-08,0.007858606986701488,0.9716067910194397,0.020534610375761986,-0.9637481840327382,1
2021-09-09,0.01034610252827406,0.9734770059585571,0.016176912933588028,-0.9631309034302831,1
2021-09-15,0.07913882285356522,0.01834186166524887,0.9025193452835083,0.060796961188316345,1
2021-09-16,0.01808038540184498,0.9335020184516907,0.04841756820678711,-0.9154216330498457,1
2021-09-20,0.17652110755443573,0.035972628742456436,0.7875062823295593,0.1405484788119793,1
2021-09-24,0.9319011569023132,0.010328040458261967,0.05777083709836006,0.9215731164440513,1
2021-09-27,0.008123430423438549,0.9595105051994324,0.03236605226993561,-0.9513870747759938,1
2021-10-07,0.012118007987737656,0.95728999376297,0.030591946095228195,-0.9451719857752323,1
2021-10-08,0.0077582309022545815,0.9697447419166565,0.022497082129120827,-0.9619865110144019,1
2021-10-15,0.16386394575238228,0.4804763915017247,0.3556596729904413,-0.31661244574934244,2
2021-10-21,0.6219015121459961,0.011326096020638943,0.366772323846817,0.6105754161253572,1
2021-10-22,0.1320213774840037,0.3343508914113045,0.5336277410387993,-0.20232951392730078,3
2021-10-26,0.9420564770698547,0.031161168590188026,0.026782309636473656,0.9108953084796667,1
2021-10-29,0.7544130682945251,0.010707151144742966,0.23487971723079681,0.7437059171497822,1
2021-11-03,0.0438903272151947,0.9265456795692444,0.02956397458910942,-0.8826553523540497,1
2021-11-04,0.14494591113179922,0.5390576124191284,0.3159964717924595,-0.3941117012873292,3
2021-11-08,0.1890278309583664,0.009430749341845512,0.8015414476394653,0.17959708161652088,1
2021-11-12,0.40214718133211136,0.38029415905475616,0.21755872294306755,0.021853022277355194,2
2021-11-15,0.11372006684541702,0.2886557877063751,0.5976241230964661,-0.1749357208609581,1
2021-11-28,0.010995452292263508,0.9499853253364563,0.03901923447847366,-0.9389898730441928,1
2021-12-01,0.16646136343479156,0.45600493578240275,0.3775336854159832,-0.2895435723476112,2
2021-12-02,0.8657184839248657,0.011245458386838436,0.12303601950407028,0.8544730255380273,1
2021-12-06,0.0077128224074840546,0.9746100306510925,0.01767711713910103,-0.9668972082436085,1
2021-12-09,0.15408281981945038,0.008583634160459042,0.8373335599899292,0.14549918565899134,1
2021-12-17,0.11645123362541199,0.015503746457397938,0.8680450320243835,0.10094748716801405,2
2021-12-20,0.7247758507728577,0.22527384757995605,0.049950264394283295,0.4995020031929016,1
2021-12-29,0.06731811165809631,0.014653441496193409,0.9180284738540649,0.052664670161902905,1
2022-01-04,0.13713951408863068,0.016427600756287575,0.8464329242706299,0.1207119133323431,1
2022-01-09,0.08838066458702087,0.020049916580319405,0.8915693759918213,0.06833074800670147,1
2022-01-19,0.1367407590150833,0.03810081630945206,0.8251584768295288,0.09863994270563126,1
2022-01-21,0.046815214678645134,0.6194809240599474,0.33370385443170864,-0.5726657093813022,3
2022-01-24,0.01213670615106821,0.9551563262939453,0.03270697593688965,-0.9430196201428771,1
2022-01-28,0.23619727790355682,0.06843120604753494,0.6953715085983276,0.16776607185602188,1
2022-02-02,0.03248532488942146,0.04026273638010025,0.9272520542144775,-0.007777411490678787,1
2022-02-11,0.38810133934020996,0.02270987071096897,0.589188814163208,0.365391468629241,1
2022-02-15,0.6986735463142395,0.0704798623919487,0.23084652423858643,0.6281936839222908,1
2022-02-18,0.010780449956655502,0.9468542337417603,0.04236533120274544,-0.9360737837851048,1
2022-02-23,0.5860692262649536,0.3573461174964905,0.056584641337394714,0.22872310876846313,1
2022-02-24,0.013736935332417488,0.9295305609703064,0.056732531636953354,-0.9157936256378889,1
2022-02-26,0.11302755773067474,0.3681335747241974,0.5188388824462891,-0.25510601699352264,1
2022-02-27,0.015086882747709751,0.8902122378349304,0.0947008728981018,-0.8751253550872207,1
2022-02-28,0.5728461146354675,0.012247066013514996,0.4149068295955658,0.5605990486219525,1
2022-03-01,0.1678200215101242,0.04394713416695595,0.7882327437400818,0.12387288734316826,1
2022-03-03,0.04660020396113396,0.8051244020462036,0.14827542006969452,-0.7585241980850697,1
2022-03-04,0.013019649311900139,0.9545153379440308,0.03246507793664932,-0.9414956886321306,1
2022-03-07,0.8272916078567505,0.11492493003606796,0.05778343230485916,0.7123666778206825,1
2022-03-08,0.011567657813429832,0.9334573745727539,0.054974962025880814,-0.9218897167593241,1
2022-03-10,0.050141964107751846,0.03515724837779999,0.9147007465362549,0.014984715729951859,1
2022-03-15,0.13554543256759644,0.06696036458015442,0.7974942922592163,0.06858506798744202,1
2022-03-18,0.009902503341436386,0.9627280831336975,0.027369452640414238,-0.9528255797922611,1
2022-03-19,0.011146754026412964,0.9418677091598511,0.046985507011413574,-0.9307209551334381,1
2022-03-23,0.07752064615488052,0.14833395183086395,0.7741454839706421,-0.07081330567598343,1
2022-04-04,0.056407634634524584,0.7731812298297882,0.17041115649044514,-0.7167735951952636,2
2022-04-05,0.391523152589798,0.5850763320922852,0.02340049110352993,-0.19355317950248718,1
2022-04-06,0.011056051589548588,0.9202861785888672,0.06865779310464859,-0.9092301269993186,1
2022-04-08,0.8682296276092529,0.04340992867946625,0.08836051821708679,0.8248196989297867,1
2022-04-18,0.9425702095031738,0.030355354771018028,0.027074461802840233,0.9122148547321558,1
2022-04-19,0.0264545027166605,0.6129195094108582,0.3606259822845459,-0.5864650066941977,1
2022-04-24,0.036643002182245255,0.6337386965751648,0.32961833477020264,-0.5970956943929195,1
2022-04-28,0.3598044514656067,0.4292888417840004,0.21090670116245747,-0.06948439031839371,2
2022-05-01,0.010516089387238026,0.9464331269264221,0.04305075481534004,-0.9359170375391841,1
2022-05-06,0.016349095851182938,0.8760868906974792,0.1075640320777893,-0.8597377948462963,1
2022-05-10,0.01181656215339899,0.9431746006011963,0.045008786022663116,-0.9313580384477973,1
2022-05-17,0.2367040067911148,0.009020388126373291,0.7542756199836731,0.22768361866474152,1
2022-05-19,0.01200914941728115,0.9575538039207458,0.03043709322810173,-0.9455446545034647,1
2022-05-24,0.11054268479347229,0.05457143485546112,0.834885835647583,0.05597124993801117,1
2022-05-26,0.08842230681329966,0.7198880612850189,0.19168964587152004,-0.6314657544717193,2
2022-05-27,0.09652342647314072,0.21053726971149445,0.6929393410682678,-0.11401384323835373,1
2022-05-31,0.10781819373369217,0.24405254423618317,0.6481292247772217,-0.136234350502491,1
2022-06-08,0.03604358062148094,0.04043622687458992,0.9235201478004456,-0.004392646253108978,1
2022-06-10,0.045985545963048935,0.09493149816989899,0.8590829372406006,-0.04894595220685005,1
2022-06-13,0.22900202870368958,0.010822895914316177,0.7601750493049622,0.2181791327893734,1
2022-06-14,0.08123722672462463,0.025969985872507095,0.892792820930481,0.05526724085211754,1
2022-06-16,0.025768511462956667,0.9515223503112793,0.022709154523909092,-0.9257538388483226,2
2022-06-23,0.45021161437034607,0.07949323952198029,0.4702952206134796,0.3707183748483658,1
2022-06-24,0.0555580910295248,0.21244604885578156,0.7319959104061127,-0.15688795782625675,2
2022-06-29,0.012134673073887825,0.9286039471626282,0.05926132947206497,-0.9164692740887403,1
2022-07-03,0.7228803634643555,0.061578474938869476,0.21554116904735565,0.661301888525486,1
2022-07-05,0.6486117839813232,0.009830811992287636,0.3415573537349701,0.6387809719890356,1
2022-07-06,0.3291080892086029,0.1651286631822586,0.5057632327079773,0.1639794260263443,1
2022-07-07,0.17040619254112244,0.03724052384495735,0.7923532128334045,0.13316566869616508,1
2022-07-08,0.027385303750634193,0.6294994354248047,0.34311519283801317,-0.6021141316741705,2
2022-07-12,0.025868743658065796,0.6821026802062988,0.29202860593795776,-0.656233936548233,1
2022-07-19,0.011002164334058762,0.9620248079299927,0.026972997933626175,-0.9510226435959339,1
2022-07-20,0.012568861246109009,0.929182231426239,0.05824892222881317,-0.91661337018013,1
2022-07-22,0.07628864794969559,0.39801546931266785,0.5256958603858948,-0.32172682136297226,1
2022-07-23,0.03283694013953209,0.027877872809767723,0.9392850995063782,0.004959067329764366,1
2022-08-03,0.010846917517483234,0.9553857445716858,0.03376729413866997,-0.9445388270542026,1
2022-08-10,0.47534742299467325,0.49628051184117794,0.02837205585092306,-0.020933088846504688,2
2022-08-13,0.010523459874093533,0.9693815112113953,0.020095016807317734,-0.9588580513373017,1
2022-08-23,0.7166923880577087,0.24332387745380402,0.039983756840229034,0.4733685106039047,1
2022-08-24,0.7692803740501404,0.07751335203647614,0.1532062590122223,0.6917670220136642,1
2022-08-25,0.057014137506484985,0.036819688975811005,0.9061661958694458,0.02019444853067398,1
2022-08-26,0.1841455101966858,0.03759197238832712,0.7782625257968903,0.14655353780835867,2
2022-08-28,0.00985943153500557,0.9640457034111023,0.026094850152730942,-0.9541862718760967,1
2022-09-06,0.09815708547830582,0.01952630840241909,0.8823166489601135,0.07863077707588673,1
2022-09-07,0.4307329347357154,0.5428373962640762,0.026429645717144012,-0.11210446152836084,2
2022-09-12,0.01301320269703865,0.9570407867431641,0.029945969581604004,-0.9440275840461254,1
2022-09-13,0.40706803370267153,0.48240315169095993,0.1105288490653038,-0.0753351179882884,2
2022-09-14,0.00996226817369461,0.9662472605705261,0.02379044145345688,-0.9562849923968315,1
2022-09-15,0.030341390520334244,0.1992914378643036,0.7703671455383301,-0.16895004734396935,1
2022-09-16,0.16794578731060028,0.046571116894483566,0.7854830622673035,0.12137467041611671,1
2022-09-27,0.10426595062017441,0.02189473994076252,0.8738393783569336,0.08237121067941189,1
2022-10-02,0.14117854833602905,0.019098395481705666,0.8397230505943298,0.12208015285432339,1
2022-10-03,0.022632382810115814,0.8401066660881042,0.13726095855236053,-0.8174742832779884,1
2022-10-06,0.6334848999977112,0.022605648264288902,0.34390947222709656,0.6108792517334223,1
2022-10-12,0.04166921600699425,0.458603048697114,0.4997277148067951,-0.41693383269011974,2
2022-10-13,0.8919747471809387,0.011666513048112392,0.09635872393846512,0.8803082341328263,1
2022-10-17,0.013439991511404514,0.9571132063865662,0.029446838423609734,-0.9436732148751616,1
2022-10-27,0.048069555312395096,0.013478212058544159,0.9384521842002869,0.03459134325385094,1
2022-10-28,0.3827019967138767,0.573428325355053,0.04386965185403824,-0.19072632864117622,2
2022-11-01,0.40113991498947144,0.008283951319754124,0.5905761122703552,0.3928559636697173,1
2022-11-04,0.051193639636039734,0.3545217216014862,0.5942846536636353,-0.30332808196544647,1
2022-11-06,0.9350147247314453,0.038803450763225555,0.026181848719716072,0.8962112739682198,1
2022-11-09,0.030903831124305725,0.6045420169830322,0.36455413699150085,-0.5736381858587265,1
2022-11-10,0.3968198299407959,0.01409097295254469,0.5890891551971436,0.3827288569882512,1
2022-11-15,0.012974848970770836,0.9310615062713623,0.05596364289522171,-0.9180866573005915,1
2022-11-22,0.07801412045955658,0.8941397666931152,0.027846194803714752,-0.8161256462335587,1
2022-11-25,0.4347483217716217,0.5131853222846985,0.052066367119550705,-0.07843700051307678,1
2022-11-30,0.026047853752970695,0.269867867231369,0.7040842771530151,-0.24382001347839832,1
2022-12-01,0.07417769730091095,0.037156879901885986,0.8886654376983643,0.03702081739902496,1
2022-12-02,0.04013242572546005,0.5828185006976128,0.37704905634745955,-0.5426860749721527,2
2022-12-05,0.0892334133386612,0.7603337168693542,0.15043292939662933,-0.671100303530693,1
2022-12-14,0.0484347902238369,0.04129146412014961,0.9102736711502075,0.007143326103687286,1
2022-12-17,0.14954112470149994,0.016765102744102478,0.8336937427520752,0.13277602195739746,1
2022-12-21,0.04975278675556183,0.3847314119338989,0.5655157566070557,-0.3349786251783371,1
2022-12-30,0.033607468008995056,0.2685598134994507,0.6978326439857483,-0.23495234549045563,1
2023-01-04,0.01811874285340309,0.8465694785118103,0.13531173765659332,-0.8284507356584072,1
2023-01-12,0.01937106461264193,0.5651406198740005,0.4154883474111557,-0.5457695552613586,2
2023-01-13,0.043474581092596054,0.23085817694664001,0.7256672382354736,-0.18738359585404396,1
2023-01-14,0.8818989396095276,0.05044446885585785,0.06765653192996979,0.8314544707536697,1
2023-01-16,0.0091392295435071,0.9687740802764893,0.02208664081990719,-0.9596348507329822,1
2023-01-18,0.4485673662275076,0.020739908795803785,0.5306927561759949,0.4278274574317038,2
2023-01-26,0.9418407082557678,0.028097422793507576,0.0300618764013052,0.9137432854622602,1
2023-01-29,0.11276429146528244,0.07408513128757477,0.8131505250930786,0.03867916017770767,1
2023-02-01,0.1478114202618599,0.3303199578076601,0.5218686461448669,-0.1825085375458002,2
2023-02-03,0.12097933143377304,0.010584326460957527,0.8684362769126892,0.11039500497281551,1
2023-02-09,0.0651625245809555,0.12105277925729752,0.813784658908844,-0.05589025467634201,1
2023-02-15,0.15190967917442322,0.6735503673553467,0.17453990876674652,-0.5216406881809235,1
2023-02-23,0.00972328893840313,0.9529291987419128,0.03734748065471649,-0.9432059098035097,1
2023-02-25,0.04898256063461304,0.033920396119356155,0.9170970916748047,0.015062164515256882,1
2023-02-27,0.1495649917051196,0.0875895582139492,0.762845516204834,0.061975433491170406,2
2023-03-03,0.06144983693957329,0.033954743295907974,0.9045954942703247,0.027495093643665314,1
2023-03-05,0.8843686580657959,0.06149677559733391,0.0541345588862896,0.822871882468462,1
2023-03-07,0.8492547273635864,0.008503038436174393,0.1422422081232071,0.840751688927412,1
2023-03-08,0.03318605571985245,0.8465997576713562,0.12021420150995255,-0.8134137019515038,1
2023-03-09,0.015881918370723724,0.9745764136314392,0.009541691280901432,-0.9586944952607155,1
2023-03-14,0.9462844133377075,0.015649061650037766,0.038066498935222626,0.9306353516876698,1
2023-03-24,0.6664067506790161,0.05498793348670006,0.27860531210899353,0.611418817192316,1
2023-03-27,0.05009126290678978,0.01900399848818779,0.930904746055603,0.03108726441860199,1
2023-03-29,0.44610145688056946,0.03994682803750038,0.5139516592025757,0.4061546288430691,1
2023-03-30,0.24088609218597412,0.24944958090782166,0.5096642971038818,-0.008563488721847534,1
2023-04-05,0.5767313838005066,0.028277814388275146,0.39499086141586304,0.5484535694122314,1
2023-04-11,0.011284427717328072,0.9286094307899475,0.06010613590478897,-0.9173250030726194,1
2023-04-12,0.01912793330848217,0.9505627751350403,0.03030935488641262,-0.9314348418265581,1
2023-04-19,0.3408214747905731,0.011112764477729797,0.6480658054351807,0.3297087103128433,1
2023-04-24,0.2032453417778015,0.009644949808716774,0.7871096730232239,0.19360039196908474,1
2023-04-28,0.01076117716729641,0.8961146473884583,0.09312421083450317,-0.8853534702211618,1
2023-05-02,0.007343017961829901,0.9671768546104431,0.025480201467871666,-0.9598338366486132,1
2023-05-04,0.007500607520341873,0.9769928455352783,0.015506509691476822,-0.9694922380149364,1
2023-05-12,0.04265615716576576,0.8295276165008545,0.12781617045402527,-0.7868714593350887,1
2023-05-19,0.41420140862464905,0.15670767426490784,0.4290910065174103,0.2574937343597412,1
2023-05-22,0.25672969222068787,0.23607897758483887,0.5071913599967957,0.020650714635849,1
2023-05-26,0.870136022567749,0.0136006074026227,0.11626330018043518,0.8565354151651263,1
2023-05-30,0.01717407815158367,0.9448783993721008,0.03794749453663826,-0.9277043212205172,1
2023-05-31,0.07970800995826721,0.036029376089572906,0.8842625617980957,0.043678633868694305,1
2023-06-12,0.4737478164024651,0.474983767606318,0.05126841180026531,-0.001235951203852892,2
2023-06-15,0.9411765933036804,0.020546918734908104,0.03827643766999245,0.9206296745687723,1
2023-06-20,0.9033164083957672,0.059138836804777384,0.03754480555653572,0.8441775715909898,2
2023-06-22,0.01700782962143421,0.7719724178314209,0.21101975440979004,-0.7549645882099867,1
2023-06-26,0.033184945583343506,0.4258107542991638,0.5410043001174927,-0.3926258087158203,1
2023-06-28,0.4483796954154968,0.011002825573086739,0.5406174659729004,0.4373768698424101,1
2023-06-29,0.2539772279560566,0.21120794862508774,0.5348148122429848,0.04276927933096886,2
2023-07-17,0.021592002362012863,0.8715355396270752,0.10687246918678284,-0.8499435372650623,1
2023-07-18,0.08495133370161057,0.024721970781683922,0.8903266787528992,0.06022936291992664,1
2023-07-19,0.25126165663823485,0.5910319462418556,0.15770641155540943,-0.33977028960362077,2
2023-07-20,0.43474940210580826,0.40156584046781063,0.16368476301431656,0.03318356163799763,2
2023-07-23,0.012026662938296795,0.8980291485786438,0.08994412422180176,-0.886002485640347,1
2023-07-26,0.0976509228348732,0.6213788986206055,0.28097018599510193,-0.5237279757857323,1
2023-07-27,0.05657736584544182,0.8934311270713806,0.04999149590730667,-0.8368537612259388,1
2023-07-28,0.017585674300789833,0.9487282633781433,0.0336860753595829,-0.9311425890773535,1
2023-08-01,0.04574134200811386,0.05375402793288231,0.9005046486854553,-0.008012685924768448,1
2023-08-02,0.06915020197629929,0.8466878533363342,0.0841619148850441,-0.7775376513600349,1
2023-08-04,0.8931910395622253,0.05893439054489136,0.047874610871076584,0.834256649017334,1
2023-08-11,0.01743379607796669,0.9354138374328613,0.047152310609817505,-0.9179800413548946,1
2023-08-14,0.07996164262294769,0.03620346263051033,0.8838348984718323,0.04375817999243736,1
2023-08-16,0.01351881679147482,0.9649111032485962,0.021570133045315742,-0.9513922864571214,1
2023-08-22,0.4677281677722931,0.011733812279999256,0.5205380320549011,0.45599435549229383,1
2023-08-24,0.008755885064601898,0.968009889125824,0.023234261199831963,-0.9592540040612221,1
2023-08-29,0.7439920902252197,0.00959768332540989,0.24641022086143494,0.7343944068998098,1
2023-08-31,0.07667295634746552,0.8485041260719299,0.07482288777828217,-0.7718311697244644,1
2023-09-01,0.04537797532975674,0.8642951548099518,0.09032688103616238,-0.818917179480195,2
2023-09-11,0.6639154553413391,0.22552691400051117,0.11055757105350494,0.43838854134082794,1
2023-09-18,0.4598078057169914,0.11183960875496268,0.42835262417793274,0.34796819696202874,2
2023-09-22,0.7496026158332825,0.02015790343284607,0.23023946583271027,0.7294447124004364,1
2023-09-26,0.06335822492837906,0.8311919569969177,0.10544982552528381,-0.7678337320685387,1
2023-09-28,0.49237190932035446,0.023235490079969168,0.48439259454607964,0.4691364192403853,2
2023-09-29,0.23434682190418243,0.01928075961768627,0.746372401714325,0.21506606228649616,1
2023-10-06,0.1738688051700592,0.31179705262184143,0.5143342018127441,-0.13792824745178223,1
2023-10-08,0.06403308361768723,0.012135326862335205,0.9238315224647522,0.05189775675535202,1
2023-10-12,0.13310210406780243,0.014827904291450977,0.8520700335502625,0.11827419977635145,1
2023-10-13,0.09544259309768677,0.5364723205566406,0.3680851459503174,-0.44102972745895386,1
2023-10-20,0.09951771050691605,0.017442685086280107,0.8830395936965942,0.08207502542063594,2
2023-10-24,0.8160465955734253,0.011368496343493462,0.1725849211215973,0.8046780992299318,1
2023-10-26,0.9186791181564331,0.06071964651346207,0.020601170137524605,0.857959471642971,1
2023-10-27,0.48613637685775757,0.026676084846258163,0.48718756437301636,0.4594602920114994,1
2023-11-02,0.049598898738622665,0.6691946983337402,0.2812063992023468,-0.6195957995951176,1
2023-11-07,0.4647710621356964,0.02093043364584446,0.5142984986305237,0.44384062848985195,1
2023-11-08,0.022525068372488022,0.8939239382743835,0.08355100452899933,-0.8713988699018955,1
2023-11-10,0.45544804260134697,0.050674695521593094,0.49387728050351143,0.4047733470797539,2
2023-11-17,0.010772280705471834,0.9377053380012512,0.05152241140604019,-0.9269330572957794,3
2023-11-21,0.9393371939659119,0.009939105249941349,0.05072372406721115,0.9293980887159705,1
2023-11-30,0.0092128561809659,0.9653134942054749,0.025473710149526596,-0.956100638024509,1
2023-12-01,0.018051810562610626,0.9595887660980225,0.022359469905495644,-0.9415369555354118,1
2023-12-05,0.011852597817778587,0.9619484543800354,0.02619890868663788,-0.9500958565622568,1
2023-12-08,0.018802179023623466,0.8962372541427612,0.08496049791574478,-0.8774350751191378,1
2023-12-12,0.020434407517313957,0.8894455432891846,0.09012006223201752,-0.8690111357718706,1
2023-12-14,0.8241445422172546,0.011311467736959457,0.16454407572746277,0.8128330744802952,1
2023-12-18,0.03049706108868122,0.8746182322502136,0.09488467127084732,-0.8441211711615324,1
2023-12-19,0.3748940173536539,0.48523663775995374,0.1398693583905697,-0.11034262040629983,2
2023-12-27,0.07044436782598495,0.27688100934028625,0.6526746153831482,-0.2064366415143013,1
2023-12-29,0.04258737340569496,0.018731463700532913,0.9386811852455139,0.02385590970516205,1
2024-01-03,0.23499634861946106,0.6870954036712646,0.07790824770927429,-0.4520990550518036,1
2024-01-11,0.02438603900372982,0.9569827318191528,0.018631253391504288,-0.932596692815423,1
2024-01-13,0.446553498506546,0.02832743152976036,0.5251190066337585,0.41822606697678566,1
2024-01-15,0.8519083857536316,0.01748856157064438,0.13060304522514343,0.8344198241829872,1
2024-01-16,0.8335089087486267,0.14592260122299194,0.020568398758769035,0.6875863075256348,1
2024-01-19,0.04093276523053646,0.8358688950538635,0.12319833785295486,-0.7949361298233271,2
2024-01-24,0.5223265290260315,0.009859070181846619,0.4678143560886383,0.5124674588441849,1
2024-01-25,0.6797022819519043,0.009985231794416904,0.3103124499320984,0.6697170501574874,1
2024-01-31,0.055673997849226,0.10657241940498352,0.8377535343170166,-0.05089842155575752,1
2024-02-05,0.7957566976547241,0.027476960327476263,0.17676632292568684,0.7682797373272479,2
2024-02-06,0.11209738999605179,0.017162775620818138,0.8707398176193237,0.09493461437523365,1
2024-02-09,0.418726347386837,0.10985433217138052,0.4714192971587181,0.3088720152154565,2
2024-02-13,0.017588816583156586,0.8013824820518494,0.18102869391441345,-0.7837936654686928,1
2024-02-15,0.009260758757591248,0.9754613041877747,0.015277995727956295,-0.9662005454301834,1
2024-02-16,0.009743742644786835,0.9393267631530762,0.05092953145503998,-0.9295830205082893,1
2024-02-27,0.8520459532737732,0.04923439398407936,0.09871965646743774,0.8028115592896938,1
2024-02-28,0.22333134710788727,0.7515239715576172,0.025144657120108604,-0.5281926244497299,1
2024-03-04,0.3430463671684265,0.009367555379867554,0.6475861072540283,0.33367881178855896,1
2024-03-12,0.338631312828511,0.6080879867076874,0.05328073166310787,-0.2694566738791764,2
2024-03-19,0.05912688001990318,0.5585809350013733,0.38229215145111084,-0.4994540549814701,1
2024-03-22,0.01869640010409057,0.9343584179878235,0.046945152804255486,-0.9156620178837329,2
2024-03-25,0.06368760764598846,0.011734167113900185,0.9245781898498535,0.05195344053208828,1
2024-03-27,0.07673228532075882,0.026910575106739998,0.8963571190834045,0.04982171021401882,2
2024-03-29,0.008503547869622707,0.9549081921577454,0.03658828139305115,-0.9464046442881227,1
2024-04-03,0.3976867198944092,0.009680449031293392,0.5926328301429749,0.3880062708631158,1
2024-04-11,0.00714048370718956,0.960318386554718,0.03254108875989914,-0.9531779028475285,1
2024-04-12,0.32653695344924927,0.21121589839458466,0.46224716305732727,0.11532105505466461,1
2024-04-15,0.3198351263999939,0.15925712883472443,0.5209077596664429,0.16057799756526947,1
2024-04-16,0.7837356328964233,0.010051212273538113,0.2062130719423294,0.7736844206228852,1
2024-04-17,0.3857618570327759,0.5619986653327942,0.05223948508501053,-0.1762368083000183,1
2024-04-19,0.02857707254588604,0.8265302777290344,0.1448926031589508,-0.7979532051831484,1
2024-04-27,0.03560158982872963,0.05085627734661102,0.9135421514511108,-0.015254687517881393,1
2024-04-29,0.00888489093631506,0.9489222168922424,0.042192913591861725,-0.9400373259559274,1
2024-05-01,0.4461764544248581,0.021369290072470903,0.5324543118476868,0.4248071643523872,2
2024-05-02,0.9250613451004028,0.010460427962243557,0.06447821110486984,0.9146009171381593,1
2024-05-03,0.6160520911216736,0.016725922003388405,0.36722201108932495,0.5993261691182852,1
2024-05-07,0.013610831461846828,0.9240363240242004,0.06235283985733986,-0.9104254925623536,1
2024-05-10,0.06290857493877411,0.20168836414813995,0.7354030013084412,-0.13877978920936584,1
2024-05-11,0.014950468204915524,0.8523180484771729,0.13273148238658905,-0.8373675802722573,1
2024-05-29,0.014049684628844261,0.8977733254432678,0.08817704766988754,-0.8837236408144236,1
2024-05-30,0.021197032183408737,0.9261507987976074,0.05265219882130623,-0.9049537666141987,1
2024-05-31,0.057691361755132675,0.0545295886695385,0.8877789974212646,0.0031617730855941772,1
2024-06-06,0.007205079775303602,0.9720385074615479,0.020756352692842484,-0.9648334276862442,1
2024-06-11,0.1300838142633438,0.2269948092289269,0.6429213583469391,-0.09691099496558309,2
2024-06-12,0.00998184084892273,0.9255808591842651,0.06443732976913452,-0.9155990183353424,1
2024-06-14,0.07008910179138184,0.027527160942554474,0.9023837447166443,0.04256194084882736,1
2024-06-24,0.007201944477856159,0.9741001725196838,0.01869790442287922,-0.9668982280418277,1
2024-06-25,0.4825535677373409,0.26225310005247593,0.255193330347538,0.220300467684865,2
2024-06-27,0.03421587869524956,0.03294503688812256,0.9328390955924988,0.001270841807126999,1
2024-06-28,0.2258855700492859,0.009991155005991459,0.764123260974884,0.21589441504329443,1
2024-07-01,0.009688732214272022,0.9534351825714111,0.036876026540994644,-0.9437464503571391,1
2024-07-04,0.8190721869468689,0.015373452566564083,0.16555437445640564,0.8036987343803048,1
2024-07-07,0.8885985016822815,0.010910524986684322,0.100491002202034,0.8776879766955972,1
2024-07-08,0.02409844659268856,0.9654608964920044,0.010440654121339321,-0.9413624498993158,1
2024-07-12,0.018883470445871353,0.054615456610918045,0.9265011548995972,-0.03573198616504669,1
2024-07-16,0.7303426861763,0.24589362740516663,0.023763705044984818,0.4844490587711334,1
2024-07-17,0.020482661202549934,0.7521165013313293,0.22740088403224945,-0.7316338401287794,1
2024-07-24,0.01701808162033558,0.9597755074501038,0.02320636436343193,-0.9427574258297682,1
2024-07-25,0.3251723349094391,0.023366769775748253,0.6514608263969421,0.30180556513369083,1
2024-07-26,0.7031496167182922,0.018278831616044044,0.27857160568237305,0.6848707851022482,1
2024-08-01,0.017633942887187004,0.8955397009849548,0.0868263766169548,-0.8779057580977678,1
2024-08-08,0.6550644636154175,0.18682088586501777,0.15811465308070183,0.4682435777503997,2
2024-08-16,0.3576091080904007,0.12350955419242382,0.5188812911510468,0.23409955389797688,2
2024-08-17,0.06533518433570862,0.883969247341156,0.050695572048425674,-0.8186340630054474,1
2024-08-22,0.17482295632362366,0.3998086154460907,0.42536836862564087,-0.22498565912246704,1
2024-08-26,0.015248858680327734,0.6497919484972954,0.3349591667453448,-0.6345430898169676,3
2024-09-03,0.029695650562644005,0.9075800180435181,0.06272435933351517,-0.8778843674808741,1
2024-09-06,0.49350638687610626,0.2609075866639614,0.24558603391051292,0.23259880021214485,2
2024-09-09,0.9032514095306396,0.0514562651515007,0.045292291790246964,0.851795144379139,1
2024-09-12,0.009364847093820572,0.972440242767334,0.01819487474858761,-0.9630753956735134,1
2024-09-15,0.010257394053041935,0.9639266133308411,0.025815995410084724,-0.9536692192777991,1
2024-09-18,0.07147341966629028,0.015942523255944252,0.9125840663909912,0.05553089641034603,1
2024-09-25,0.022704441100358963,0.5442132949829102,0.43308225274086,-0.5215088538825512,1
2024-09-26,0.1398753821849823,0.42827411741018295,0.4318505059927702,-0.28839873522520065,2
2024-10-02,0.10452114790678024,0.015547909773886204,0.8799309730529785,0.08897323813289404,1
2024-10-03,0.9426183104515076,0.01687520369887352,0.040506474673748016,0.925743106752634,1
2024-10-04,0.0072556654922664165,0.9511232972145081,0.04162106290459633,-0.9438676317222416,1
2024-10-06,0.07166620343923569,0.20723500847816467,0.7210987210273743,-0.13556880503892899,1
2024-10-14,0.007175127975642681,0.9740033745765686,0.018821541219949722,-0.9668282466009259,1
2024-10-17,0.8185193538665771,0.14950193464756012,0.03197868913412094,0.669017419219017,1
2024-10-18,0.0229679923504591,0.7869471311569214,0.19008485972881317,-0.7639791388064623,1
2024-10-25,0.6145770400762558,0.07057942729443312,0.31484351865947247,0.5439976127818227,2
2024-10-29,0.8888722062110901,0.02713637240231037,0.08399135619401932,0.8617358338087797,1
2024-11-06,0.14492416381835938,0.7941634058952332,0.060912445187568665,-0.6492392420768738,1
2024-11-07,0.47146108746528625,0.39249083399772644,0.1360480636358261,0.07897025346755981,1
2024-11-08,0.11840841174125671,0.8656901121139526,0.015901479870080948,-0.7472817003726959,1
2024-11-11,0.012103223241865635,0.9703627228736877,0.01753406971693039,-0.9582594996318221,1
2024-11-18,0.8076728582382202,0.013086015358567238,0.1792411506175995,0.794586842879653,1
2024-11-21,0.8036393523216248,0.04424304515123367,0.15211760997772217,0.7593963071703911,1
2024-11-22,0.414599746465683,0.5141347050666809,0.07126560807228088,-0.09953495860099792,1
2024-11-27,0.38309030296901864,0.030451156198978424,0.5864585551122824,0.3526391467700402,3
2024-12-03,0.0091819167137146,0.9721862077713013,0.0186318326741457,-0.9630042910575867,1
2024-12-06,0.5047689527273178,0.022423519752919674,0.47280752658843994,0.48234543297439814,2
2024-12-10,0.021071946248412132,0.5684977769851685,0.4104301929473877,-0.5474258307367563,1
2024-12-12,0.4690028168261051,0.33330881781876087,0.19768833369016647,0.13569399900734425,2
2024-12-18,0.16457722708582878,0.02264677733182907,0.8127760291099548,0.1419304497539997,2
2024-12-21,0.5363091826438904,0.4025440812110901,0.061146724969148636,0.1337651014328003,1
2024-12-26,0.9298942685127258,0.03428226709365845,0.03582334145903587,0.8956120014190674,1
2025-01-07,0.9393436312675476,0.02164398320019245,0.039012446999549866,0.9176996480673552,1
2025-01-09,0.7576850652694702,0.05040009692311287,0.19191484153270721,0.7072849683463573,1
2025-01-10,0.9337852001190186,0.020313061773777008,0.045901719480752945,0.9134721383452415,1
2025-01-13,0.14292395114898682,0.8187331557273865,0.03834287077188492,-0.6758092045783997,1
2025-01-14,0.8058854937553406,0.013007554225623608,0.18110691010951996,0.792877939529717,1
2025-01-16,0.013040771707892418,0.9453557729721069,0.04160341992974281,-0.9323150012642145,1
2025-01-22,0.017200404778122902,0.9661111831665039,0.016688428819179535,-0.948910778388381,1
2025-01-23,0.11689292965456843,0.5042299311608076,0.3788771526888013,-0.3873370015062392,2
2025-01-31,0.007808484602719545,0.9717265367507935,0.020465021952986717,-0.9639180521480739,1
2025-02-04,0.02264232374727726,0.03885804861783981,0.9384996294975281,-0.016215724870562553,1
2025-02-07,0.6894653141498566,0.050744831562042236,0.2597898170351982,0.6387204825878143,2
2025-02-10,0.48853185772895813,0.14645050466060638,0.3650176227092743,0.34208135306835175,1
2025-02-11,0.007446997333317995,0.9710483551025391,0.021504651755094528,-0.9636013577692211,1
2025-02-12,0.7463369965553284,0.008386372588574886,0.24527662992477417,0.7379506239667535,1
2025-02-19,0.4726244807243347,0.19455157220363617,0.3328239321708679,0.27807290852069855,1
2025-02-20,0.09100165218114853,0.03278510272502899,0.8762132525444031,0.05821654945611954,1
2025-02-24,0.18306449055671692,0.008588583208620548,0.8083469271659851,0.17447590734809637,1
2025-02-26,0.9115742444992065,0.00904703326523304,0.079378642141819,0.9025272112339735,1
2025-03-03,0.8068569898605347,0.01888229651376605,0.17426070012152195,0.7879746933467686,2
2025-03-04,0.9535425901412964,0.020425917580723763,0.026031535118818283,0.9331166725605726,1
2025-03-05,0.01871572434902191,0.9403160214424133,0.040968310087919235,-0.9216002970933914,1
2025-03-07,0.05289112217724323,0.11358130350708961,0.8335275650024414,-0.06069018132984638,2
2025-03-14,0.01116337813436985,0.9675934910774231,0.02124316617846489,-0.9564301129430532,1
2025-03-18,0.061437249183654785,0.9171761870384216,0.021386582404375076,-0.8557389378547668,1
2025-03-24,0.007954901084303856,0.9735358357429504,0.018509240821003914,-0.9655809346586466,1
2025-03-31,0.7599833607673645,0.031424909830093384,0.20859172940254211,0.7285584509372711,1
2025-04-01,0.9404038190841675,0.024008361622691154,0.0355878509581089,0.9163954574614763,1
2025-04-07,0.06796742975711823,0.01593441143631935,0.9160981178283691,0.052033018320798874,1
2025-04-09,0.9312980771064758,0.012169948779046535,0.056531962007284164,0.9191281283274293,1
2025-04-14,0.0340212881565094,0.02591962367296219,0.9400591254234314,0.00810166448354721,1
2025-04-17,0.04929658770561218,0.021373728290200233,0.9293297529220581,0.02792285941541195,1
2025-04-22,0.21756327152252197,0.011235686019062996,0.7712010741233826,0.20632758550345898,1
2025-04-30,0.68082594871521,0.1590404052985832,0.16013364680111408,0.5217855434166268,4
2025-05-06,0.0943617895245552,0.41922349017113447,0.48641468957066536,-0.32486170064657927,2
2025-05-07,0.007462553214281797,0.9723012447357178,0.020236149430274963,-0.964838691521436,1
2025-05-08,0.885887622833252,0.01186671294271946,0.10224567353725433,0.8740209098905325,1
2025-05-15,0.07772869616746902,0.3505750000476837,0.5716962814331055,-0.2728463038802147,1
2025-05-16,0.5531846508383751,0.023514050990343094,0.4233013093471527,0.529670599848032,2
2025-05-21,0.12145613133907318,0.5857945084571838,0.292749285697937,-0.46433837711811066,1
2025-05-22,0.9444494843482971,0.020630773156881332,0.034919723868370056,0.9238187111914158,1
2025-05-29,0.02755921147763729,0.9504219889640808,0.022018780931830406,-0.9228627774864435,1
2025-06-04,0.020774150267243385,0.9456655979156494,0.03356023132801056,-0.924891447648406,1
2025-06-05,0.40133458375930786,0.022349026054143906,0.5763164460659027,0.37898555770516396,2
2025-06-10,0.06492307037115097,0.020542439073324203,0.9145345091819763,0.04438063129782677,1
2025-06-12,0.036112625151872635,0.9112963676452637,0.0525909960269928,-0.875183742493391,1
2025-06-18,0.03689468279480934,0.26811057329177856,0.6949948072433472,-0.23121589049696922,1
2025-06-19,0.08621285110712051,0.008411445654928684,0.9053756594657898,0.07780140545219183,1
2025-06-24,0.04604453220963478,0.014764879830181599,0.9391905665397644,0.03127965237945318,1
2025-06-26,0.31185439229011536,0.02728133462369442,0.6608642935752869,0.28457305766642094,1
2025-06-27,0.029864998534321785,0.3906007707118988,0.5795341730117798,-0.360735772177577,1
2025-07-01,0.01773076318204403,0.9525013566017151,0.029767898842692375,-0.9347705934196711,1
2025-07-03,0.517644613981247,0.01184715237468481,0.4705082029104233,0.5057974616065621,2
2025-07-12,0.012630454264581203,0.9409705996513367,0.04639892280101776,-0.9283401453867555,1
2025-07-17,0.8606768250465393,0.011728295125067234,0.12759491801261902,0.8489485299214721,1
2025-07-21,0.39118099212646484,0.009122185409069061,0.5996968150138855,0.3820588067173958,1
2025-07-22,0.056495968252420425,0.572780430316925,0.37072357535362244,-0.5162844620645046,1
2025-07-23,0.024471832439303398,0.034255046397447586,0.9412732124328613,-0.009783213958144188,1
2025-07-26,0.05712956190109253,0.048110123723745346,0.8947603106498718,0.009019438177347183,1
2025-07-27,0.06523268669843674,0.021248171105980873,0.9135191440582275,0.043984515592455864,1
2025-08-02,0.016493165865540504,0.971006453037262,0.01250042486935854,-0.9545132871717215,1
2025-08-06,0.4815330747514963,0.4977988637983799,0.02066806796938181,-0.016265789046883583,2
2025-08-07,0.5265727043151855,0.11989686638116837,0.3535304665565491,0.4066758379340172,1
2025-08-12,0.08365688845515251,0.5004005469381809,0.41594254691153765,-0.4167436584830284,2
2025-08-18,0.008804730139672756,0.9584338665008545,0.03276136890053749,-0.9496291363611817,1
2025-08-21,0.07407879829406738,0.23974338173866272,0.6861778497695923,-0.16566458344459534,1
2025-08-22,0.07936424668878317,0.9001545608043671,0.020481165498495102,-0.8207903141155839,2
2025-09-03,0.025455530732870102,0.3891690745949745,0.5853753685951233,-0.3637135438621044,2
2025-09-04,0.053854797035455704,0.01868032105267048,0.9274648427963257,0.035174475982785225,1
2025-09-09,0.6286921501159668,0.009303060360252857,0.362004816532135,0.6193890897557139,1
2025-09-11,0.017747648060321808,0.911318838596344,0.07093347609043121,-0.8935711905360222,1
2025-09-12,0.9340935945510864,0.018366899341344833,0.04753943532705307,0.9157266952097416,1
2025-09-15,0.05308853089809418,0.39369824528694153,0.5532132387161255,-0.34060971438884735,1
2025-09-30,0.4678345937281847,0.5096380654722452,0.022527314722537994,-0.041803471744060516,2
2025-10-09,0.5755202174186707,0.07320069521665573,0.3512791097164154,0.5023195222020149,1
2025-10-17,0.030295446049422026,0.5353082790970802,0.4343962660059333,-0.5050128330476582,2
2025-10-21,0.022072138264775276,0.9547284841537476,0.023199347779154778,-0.9326563458889723,1
2025-10-23,0.02923976443707943,0.07563254982233047,0.8951276540756226,-0.046392785385251045,1
2025-10-24,0.02346222475171089,0.9329227209091187,0.04361509159207344,-0.9094604961574078,1
2025-10-27,0.5033665858209133,0.4623988922685385,0.03423452936112881,0.04096769355237484,2
2025-10-31,0.28061317279934883,0.02417603600770235,0.6952107697725296,0.2564371367916465,2
2025-11-02,0.9158545732498169,0.05087666213512421,0.03326869010925293,0.8649779111146927,1
2025-11-04,0.01392440777271986,0.9657540321350098,0.020321574062108994,-0.9518296243622899,1
2025-11-06,0.8737292289733887,0.013685873709619045,0.11258486658334732,0.8600433552637696,1
2025-11-09,0.9155552983283997,0.05642000958323479,0.028024716302752495,0.8591352887451649,1
2025-11-11,0.9231528639793396,0.023034190759062767,0.05381293222308159,0.9001186732202768,1
2025-11-17,0.012884119525551796,0.927770733833313,0.05934518203139305,-0.9148866143077612,1
2025-11-19,0.574410080909729,0.10383172333240509,0.3217582106590271,0.4705783575773239,1
2025-11-24,0.9342829585075378,0.031411126255989075,0.03430590406060219,0.9028718322515488,1
2025-11-27,0.9058014154434204,0.023514224216341972,0.0706842914223671,0.8822871912270784,1
2025-11-28,0.040607210248708725,0.9422159790992737,0.0171767920255661,-0.901608768850565,1
2025-12-01,0.17317456007003784,0.01336253248155117,0.8134629130363464,0.15981202758848667,1
2025-12-03,0.6783233284950256,0.019680876284837723,0.3019958734512329,0.6586424522101879,1
2025-12-05,0.9127717614173889,0.012123622931540012,0.07510468363761902,0.9006481384858489,1
2025-12-09,0.21814364194869995,0.6706106066703796,0.1112457737326622,-0.4524669647216797,1
2025-12-10,0.00880228728055954,0.9584362506866455,0.03276148438453674,-0.949633963406086,1
2025-12-24,0.8190645277500153,0.11356995534151793,0.06736548990011215,0.7054945724084973,2
2025-12-29,0.009883805178105831,0.9740520119667053,0.0160642359405756,-0.9641682067885995,1
2025-12-31,0.5152050070464611,0.1415142402984202,0.343280790373683,0.3736907667480409,2
2026-01-06,0.7007564306259155,0.24789996445178986,0.05134361609816551,0.45285646617412567,1
2026-01-12,0.45238574656347436,0.3815565661837657,0.16605772202213606,0.0708291803797086,3
2026-01-13,0.6345561742782593,0.2659810781478882,0.09946269541978836,0.3685750961303711,1
2026-01-16,0.9306831955909729,0.036719199270009995,0.0325976200401783,0.8939639963209629,1
2026-01-23,0.8146243691444397,0.1524049937725067,0.032970670610666275,0.662219375371933,1
2026-01-28,0.9388948678970337,0.030645892024040222,0.030459308996796608,0.9082489758729935,1
2026-01-29,0.017537346109747887,0.945692777633667,0.03676983341574669,-0.9281554315239191,1
2026-01-30,0.011630726978182793,0.9725049734115601,0.01586429588496685,-0.9608742464333773,1
2026-02-02,0.5716171860694885,0.013237561099231243,0.41514527797698975,0.5583796249702573,1
2026-02-06,0.07837236858904362,0.48545227479189634,0.43617536313831806,-0.4070799062028527,2
2026-02-13,0.4855411220341921,0.46778726065531373,0.04667165130376816,0.017753861378878355,2
2026-02-15,0.022054314613342285,0.9627202749252319,0.015225394628942013,-0.9406659603118896,1
2026-02-19,0.42026196932420135,0.5505573153495789,0.029180764220654964,-0.1302953460253775,2
2026-02-25,0.8814460039138794,0.007926393300294876,0.11062762886285782,0.8735196106135845,1
2026-02-26,0.011879191733896732,0.9683884978294373,0.019732369109988213,-0.9565093060955405,1
2026-03-02,0.01332125999033451,0.9555855989456177,0.031093217432498932,-0.9422643389552832,1
2026-03-06,0.3540321886539459,0.02900652028620243,0.6169612407684326,0.3250256683677435,1
2026-03-08,0.07888054102659225,0.7929520606994629,0.12816739082336426,-0.7140715196728706,1
2026-03-09,0.8922877907752991,0.08225178718566895,0.025460531935095787,0.8100360035896301,1
2026-05-06,0.4757310320357127,0.15929876613829816,0.3649701931779938,0.3164322658974145,14
2026-05-07,0.5656734098281179,0.029872938059270382,0.404453633087022,0.5358004717688475,7
2026-05-08,0.2514172614685127,0.4804789315643055,0.26810380103332654,-0.22906167009579284,35
